1,ADITI,MATHS,96
2,ADITI,ENGLISH,80
3,ADITI,SCIENCE,89
4,ADITI,HINDI,92
5,ADITI,COMPUTER,76
6,CHANDNI,MATHS,76
7,CHANDNI,ENGLISH,90
8,CHANDNI,SCIENCE,91
9,CHANDNI,HINDI,97
10,CHANDNI,COMPUTER,87
11,DAKSH,MATHS,61
12,DAKSH,ENGLISH,70
13,DAKSH,SCIENCE,89
14,DAKSH,HINDI,88
15,DAKSH,COMPUTER,78
16,ISHA,MATHS,65
17,ISHA,ENGLISH,75
18,ISHA,SCIENCE,85
19,ISHA,HINDI,85
20,ISHA,COMPUTER,73
21,PRIYA,MATHS,69
22,PRIYA,ENGLISH,82
23,PRIYA,SCIENCE,94
24,PRIYA,HINDI,89
25,PRIYA,COMPUTER,74